ID,PAISAJE,CRONO,EDAD,PARCELA,ESPECIE,AF,SLA,LDMC,Lth,ABUN,AB
1,Lomerio,0 - 10,7,DL 11,Alchornea discolor Poepp.,14416.443,14.56988907,416.6324261,0.1694,1,
2,Lomerio,0 - 10,7,DL 11,Attalea maripa (Aubl.) Mart.,542762.0773,4.296858473,626.302016,0.322833333,4,
3,Lomerio,0 - 10,7,DL 11,Byrsonima krukoffii W.R.Anderson,17513.2216,10.96806184,399.9854865,0.2824,1,
4,Lomerio,0 - 10,7,DL 11,Cupania scrobiculata Rich.,20026.47883,8.892048691,411.0548489,0.151,5,
5,Lomerio,0 - 10,7,DL 11,Hieronyma alchorneoides Allemão,19615.1156,14.51793323,252.1918989,0.2476,1,
6,Lomerio,0 - 10,7,DL 11,Miconia albicans (Sw.) Steud.,8210.8476,9.375390439,451.8979215,0.2232,3,
7,Lomerio,0 - 10,7,DL 11,Miconia elata (Sw.) DC.,9330.8156,8.09906942,407.5872071,0.4882,2,
8,Lomerio,0 - 10,7,DL 11,Trattinnickia boliviana (Swart) Daly,38903.374,10.19545066,377.468808,0.228333333,7,
9,Lomerio,0 - 10,10,DL 6,Ficus insipida Willd.,22298.173,8.910459459,334.2828478,0.3464,1,
10,Lomerio,0 - 10,10,DL 6,Henriettella fascicularis (Sw.) C. Wright,5467.7069,18.65962401,246.4059326,0.3017,7,
11,Lomerio,0 - 10,10,DL 6,Hieronyma alchorneoides Allemão,15400.1664,11.59104787,300.8009412,0.2844,1,
12,Lomerio,0 - 10,10,DL 6,Piptocoma discolor (Kunth) Pruski,6076.2821,20.03879773,294.4741062,0.2171,46,
13,Lomerio,20-Oct,12,DL 10,Bellucia pentamera,30244.575,6.004779908,472.7166521,0.3216,1,
14,Lomerio,20-Oct,12,DL 10,Henriettella fascicularis (Sw.) C. Wright,9995.5512,25.70433239,206.2426875,0.2126,2,
15,Lomerio,20-Oct,12,DL 10,Isertia laevis (Triana) Boom,24858.7888,13.33072005,335.6996218,0.2544,1,
16,Lomerio,20-Oct,12,DL 10,Myrcia splendens (Sw.) DC.,5567.5564,5.618221733,574.129796,0.3004,1,
17,Lomerio,20-Oct,12,DL 10,Siparuna guianensis Aubl.,2929.0726,14.79995714,321.9100485,0.2328,2,
18,Lomerio,20-Oct,12,DL 10,Xylopia amazonica R.E.Fr.,1936.2048,11.62410492,459.2017293,0.2099,3,
19,Lomerio,20-Oct,18,DL 12,Astrocaryum chambira Burret,322355.5473,5.142535062,504.9617939,0.398333333,1,
20,Lomerio,20-Oct,18,DL 12,Astrocaryum cuatrecasasianum Dugand,375209.375,4.88258168,517.339944,0.149666667,1,
21,Lomerio,20-Oct,18,DL 12,Attalea maripa (Aubl.) Mart.,490437.305,5.759886844,568.2394591,0.426,2,
22,Lomerio,20-Oct,18,DL 12,Bellucia grossularioides (L.) Triana,34932.5052,10.51436459,394.685008,0.2132,3,
23,Lomerio,20-Oct,18,DL 12,Brosimum acutifolium Huber,41065.942,15.42358891,367.9469468,0.216333333,1,
24,Lomerio,20-Oct,18,DL 12,Byrsonima krukoffii W.R.Anderson,23734.057,12.41162049,361.184256,0.3012,4,
25,Lomerio,20-Oct,18,DL 12,Casearia arborea (Rich.) Urb.,2722.5784,9.128520385,379.960085,0.31,3,
26,Lomerio,20-Oct,18,DL 12,Cecropia ficifolia Warb. ex Snethl,170536.5302,23.72698352,270.9233854,0.2378,1,
27,Lomerio,20-Oct,18,DL 12,Cupania scrobiculata Rich.,30235.9,18.81134122,357.1353671,0.133333333,5,
28,Lomerio,20-Oct,18,DL 12,Eugenia coffeifolia DC.,4800.526,14.03705511,447.9835165,0.205,2,
29,Lomerio,20-Oct,18,DL 12,Henriettella fascicularis (Sw.) C. Wright,9089.832,25.27173446,229.5736453,0.2326,32,
30,Lomerio,20-Oct,18,DL 12,Hieronyma alchorneoides Allemão,40973.5922,23.3146009,186.8859029,0.2422,1,
31,Lomerio,20-Oct,18,DL 12,Inga leiocalycina Benth.,30596.93333,18.55959695,397.9372674,0.115666667,1,
32,Lomerio,20-Oct,18,DL 12,Inga thibaudiana DC.,26053.37467,9.419495148,449.8425931,0.341,4,
33,Lomerio,20-Oct,18,DL 12,Lacistema nena J.F. Macbr.,15098.01467,16.21132896,341.2302189,0.194333333,1,
34,Lomerio,20-Oct,18,DL 12,Laetia procera (Poepp.) Eichler,7476.195,13.09653256,396.1598428,0.1902,1,
35,Lomerio,20-Oct,18,DL 12,Miconia poeppigii Triana,9092.1205,11.99781731,441.0477626,0.2142,2,
36,Lomerio,20-Oct,18,DL 12,Perebea guianensis Aubl.,52810.2602,21.94998294,297.8399171,0.1722,2,
37,Lomerio,20-Oct,18,DL 12,Tapirira obtusa (Benth.) J.D.Mitch.,47758.03233,12.26306326,544.4336388,0.147333333,1,
38,Lomerio,20 - 40,30,DL 13,Alchornea glandulosa Poepp.,24013.04333,19.08441593,403.5916064,0.156666667,1,
39,Lomerio,20 - 40,30,DL 13,Alchornea triplinervia (Spreng.) Müll.Arg.,4304.289,15.67108815,422.4715554,0.1812,2,
40,Lomerio,20 - 40,30,DL 13,Astrocaryum chambira Burret,313039.6897,5.253904026,506.8052465,0.360666667,11,
41,Lomerio,20 - 40,30,DL 13,Attalea maripa (Aubl.) Mart.,640111.0533,5.158981205,582.0746391,0.340333333,2,
42,Lomerio,20 - 40,30,DL 13,Brosimum guianense (Aubl.) Huber ex Ducke,3463.447,12.26405838,449.8754633,0.2084,1,
43,Lomerio,20 - 40,30,DL 13,Brownea coccinea Jacq.,52606.501,13.44097149,360.661029,0.236333333,2,
44,Lomerio,20 - 40,30,DL 13,Byrsonima krukoffii W.R.Anderson,18767.0854,9.869873039,399.3792088,0.2978,3,
45,Lomerio,20 - 40,30,DL 13,Casearia arborea (Rich.) Urb.,35959.98,17.96751788,377.9685994,0.154666667,4,
46,Lomerio,20 - 40,30,DL 13,Couma macrocarpa Barb.Rodr.,88761.88533,9.193745655,347.3226599,0.267666667,1,
47,Lomerio,20 - 40,30,DL 13,Cupania scrobiculata Rich.,19205.05267,13.08217968,395.571601,0.178333333,2,
48,Lomerio,20 - 40,30,DL 13,Guatteria punctata (Aubl.) R.A.Howard,3194.9146,19.36755619,401.4906446,0.166,10,
49,Lomerio,20 - 40,30,DL 13,Gustavia hexapetala (Aubl.) Sm.,3269.0532,6.329208596,422.3119058,0.2246,5,
50,Lomerio,20 - 40,30,DL 13,Henriettella fascicularis (Sw.) C. Wright,12396.7938,27.74965619,229.9223891,0.1958,30,
51,Lomerio,20 - 40,30,DL 13,Hieronyma alchorneoides Allemão,31177.9818,20.08444913,224.8795977,0.2314,5,
52,Lomerio,20 - 40,30,DL 13,Lacistema nena J.F. Macbr.,9121.7638,19.68774322,305.125455,0.252,2,
53,Lomerio,20 - 40,30,DL 13,Lacmellea gracilis (Müll.Arg.) Markgr.,4684.5358,46.38152779,291.1875373,0.302,1,
54,Lomerio,20 - 40,30,DL 13,Lindackeria paludosa (Benth.) Gilg,18631.319,25.27476727,317.925633,0.189,1,
55,Lomerio,20 - 40,30,DL 13,Miconia poeppigii Triana,15537.9192,16.21211287,393.8647928,0.1616,3,
56,Lomerio,20 - 40,30,DL 13,Ocotea longifolia Kunth,17499.21267,8.80774707,439.1841486,0.233666667,4,
57,Lomerio,20 - 40,30,DL 13,"Schefflera morototoni (Aubl.) Maguire, Steyerm. & Frodin",67167.25267,7.345991486,353.8187108,0.362,1,
58,Lomerio,20 - 40,30,DL 13,Tapirira guianensis Aubl.,66511.09433,10.46841156,376.2681334,0.223666667,7,
59,Lomerio,20 - 40,30,DL 13,Trattinnickia peruviana Loes.,127712.943,11.30953798,377.2578943,0.252333333,6,
60,Lomerio,20 - 40,30,DL 13,Virola sebifera Aubl.,11310.5004,18.88228673,287.5878452,0.1882,2,
61,Lomerio,20 - 40,60,DL 5,Astrocaryum chambira Burret,399817.7057,6.503962698,466.0090218,0.322333333,4,
62,Lomerio,20 - 40,60,DL 5,Astrocaryum cuatrecasasianum Dugand,384365.5173,8.929046622,480.7656759,0.276666667,3,
63,Lomerio,20 - 40,60,DL 5,Attalea maripa (Aubl.) Mart.,603963.06,6.210413697,555.7424631,0.354,1,
64,Lomerio,20 - 40,60,DL 5,Casearia javitensis Kunth,5639.0336,16.81633219,366.273063,0.2072,5,
65,Lomerio,20 - 40,60,DL 5,Cecropia sciadophylla Mart.,152196.0867,20.20282739,314.2177634,0.153666667,1,
66,Lomerio,20 - 40,60,DL 5,Endlicheria directonervia C.K.Allen,18604.4388,9.918757576,361.2381156,0.3538,2,
67,Lomerio,20 - 40,60,DL 5,Endlicheria sericea Nees,12386.651,6.599098879,497.5047422,0.3678,4,
68,Lomerio,20 - 40,60,DL 5,Eschweilera coriacea (DC.) S.A.Mori,20863.6242,12.39308937,452.7023163,0.2164,9,
69,Lomerio,20 - 40,60,DL 5,Gustavia hexapetala (Aubl.) Sm.,14919.8574,9.322220885,452.8130689,0.2636,5,
70,Lomerio,20 - 40,60,DL 5,Helicostylis elegans (J.F.Macbr.) C.C.Berg,8224.7332,16.23772354,378.3858506,0.1658,2,
71,Lomerio,20 - 40,60,DL 5,Henriettella fascicularis (Sw.) C. Wright,9184.8738,27.11426141,195.9058485,0.2238,1,
72,Lomerio,20 - 40,60,DL 5,Inga auristellae Harms,71859.008,12.44287796,368.4305055,0.243666667,3,
73,Lomerio,20 - 40,60,DL 5,Inga thibaudiana DC.,18378.2246,12.3808766,453.183586,0.1682,4,
74,Lomerio,20 - 40,60,DL 5,Laetia procera (Poepp.) Eichler,8288.66142,10.1596088,430.6761086,0.1954,5,
75,Lomerio,20 - 40,60,DL 5,Matayba purgans,7039.3224,20.51212293,163.398366,0.3878,2,
76,Lomerio,20 - 40,60,DL 5,Miconia tetrasperma,13531.5782,17.57073589,392.5993855,0.1518,4,
77,Lomerio,20 - 40,60,DL 5,Nectandra cuspidata Nees & Mart.,7372.4822,19.73148587,427.3924836,0.1834,4,
78,Lomerio,20 - 40,60,DL 5,Pourouma ferruginea,33445.016,8.248267478,382.2165494,0.423,2,
79,Lomerio,20 - 40,60,DL 5,Protium leptostachyum Cuatrec.,11780.271,29.16740773,208.0162633,0.172333333,3,
80,Lomerio,20 - 40,60,DL 5,Pseudolmedia laevis (Ruiz & Pav.) J.F.Macbr.,15578.0758,9.391538185,429.4187101,0.2966,12,
81,Lomerio,20 - 40,60,DL 5,Socratea exorrhiza (Mart.) H.Wendl.,2027172.472,5.697891947,440.0540327,0.352,5,
82,Lomerio,20 - 40,60,DL 5,Tapirira retusa Ducke,24941.88133,10.30652057,468.603765,0.200666667,2,
83,Lomerio,20 - 40,60,DL 5,Trattinnickia boliviana (Swart) Daly,60894.048,11.96062663,419.4883746,0.225333333,4,
84,Lomerio,20 - 40,60,DL 5,Virola elongata (Benth.) Warb.,11481.0406,19.89131714,276.3170174,0.2158,6,
85,Lomerio,R,60,RL 3,Alchornea triplinervia (Spreng.) Müll.Arg.,7489.479,27.42486307,407.8883036,0.149,2,790.7483323
86,Lomerio,R,60,RL 3,Ampelocera edentula Kuhlm.,6317.3812,9.366343104,428.0109516,0.2774,2,597.0378316
87,Lomerio,R,60,RL 3,Aniba panurensis (Meisn.) Mez,13570.9068,24.16907723,387.1987827,0.2334,1,138.3763526
88,Lomerio,R,60,RL 3,Cecropia sciadophylla Mart.,545752.195,15.83747045,418.2726914,0.220333333,2,2.0106176
89,Lomerio,R,60,RL 3,Cedrelinga cateniformis (Ducke) Ducke,25859.35367,15.11748779,316.0960488,0.188,5,6925.223612
90,Lomerio,R,60,RL 3,Compsoneura capitellata (A.DC.) Warb.,3622.659,15.83685669,362.2143661,0.1934,4,4.79092475
91,Lomerio,R,60,RL 3,Conceveiba guianensis Aubl.,16840.5196,14.77822214,383.8783519,0.1532,1,0.950330975
92,Lomerio,R,60,RL 3,Crepidospermum rhoifolium (Benth.) Triana & Planch.,64308.424,16.15424007,412.0153741,0.208666667,1,735.9417824
93,Lomerio,R,60,RL 3,Dacryodes hopkinsii D.C. Daly,16502.9224,13.90637542,444.3427571,0.2676,3,2187.698869
94,Lomerio,R,60,RL 3,Dialium guianense (Aubl.) Sandwith,11574.472,23.40235263,245.7480004,0.202,1,7.465203238
95,Lomerio,R,60,RL 3,Endlicheria directonervia C.K.Allen,20990.4822,8.818697123,438.8173448,0.2888,2,1.358737675
96,Lomerio,R,60,RL 3,Erisma uncinatum Warm.,25715.3234,20.40460411,435.4710356,0.2334,1,110.4571203
97,Lomerio,R,60,RL 3,Eschweilera coriacea (DC.) S.A.Mori,5407.8584,11.20009407,457.8003699,0.2318,2,111.9057248
98,Lomerio,R,60,RL 3,Gustavia hexapetala (Aubl.) Sm.,16909.6154,12.97058774,327.5324861,0.19,1,83.7676354
99,Lomerio,R,60,RL 3,Inga auristellae Harms,15245.01233,17.6947826,405.1724138,0.201333333,4,2.269798775
100,Lomerio,R,60,RL 3,Inga capitata Desv.,10566.9776,11.57002665,435.2487576,0.2408,1,371.2198377
101,Lomerio,R,60,RL 3,Iryanthera juruensis Warb.,8782.2828,10.79066494,394.7536955,0.227,4,8.552978775
102,Lomerio,R,60,RL 3,Iryanthera laevis Markgr.,3873.8434,10.98637561,441.8991561,0.2488,1,4.8066327
103,Lomerio,R,60,RL 3,Jacaranda copaia (Aubl.) D.Don,28984.557,15.89605195,387.1295773,0.220333333,1,126.247256
104,Lomerio,R,60,RL 3,Leonia glycycarpa Ruiz & Pav.,5649.6158,12.47815917,332.539884,0.2696,2,964.6380911
105,Lomerio,R,60,RL 3,Lindackeria paludosa (Benth.) Gilg,35035.0566,23.88030096,341.9871353,0.181,1,7.547669975
106,Lomerio,R,60,RL 3,Matisia idroboi Cuatrec.,18071.6038,17.11999292,399.7128524,0.1656,4,1.5393791
107,Lomerio,R,60,RL 3,Minquartia guianensis Aubl.,16137.686,11.02777276,478.5967198,0.1672,1,98.59958706
108,Lomerio,R,60,RL 3,Ocotea puberula (Rich.) Nees,10948.7482,13.84866122,365.1637704,0.2018,1,87.18579996
109,Lomerio,R,60,RL 3,Oenocarpus bataua Mart.,551610.5187,7.222149612,488.2658475,0.340333333,6,10.40651688
110,Lomerio,R,60,RL 3,Parkia velutina Benoist,142757.3273,11.99743026,426.5692588,0.186,1,1.5393791
111,Lomerio,R,60,RL 3,Pourouma bicolor Mart.,73314.4702,15.56466767,365.1882011,0.2302,1,278.5244961
112,Lomerio,R,60,RL 3,Protium insigne (Triana & Planch.) Engl.,14278.8742,15.64899566,487.8926289,0.1686,1,1.327321775
113,Lomerio,R,60,RL 3,Protium subserratum (Engl.) Engl.,61297.11533,30.90163492,242.4374503,0.149666667,1,84.57168223
114,Lomerio,R,60,RL 3,Pseudosenefeldera inclinata (Müll.Arg.) Esser,15500.3522,19.58768073,279.2709523,0.1804,15,447.6228994
115,Lomerio,R,60,RL 3,Tapirira guianensis Aubl.,18980.962,13.0517187,418.4471947,0.1636,1,61.66186493
116,Lomerio,R,60,RL 3,Tetragastris panamensis (Engl.) Kuntze,28039.55433,12.69908121,471.0209786,0.16,1,1.480474288
117,Lomerio,R,60,RL 3,Theobroma subincanum Mart.,42483.6978,11.6488707,436.3738037,0.2954,3,1.6964586
118,Lomerio,R,60,RL 3,Virola calophylla (Spruce) Warb.,25111.4294,7.323834628,497.0920545,0.2638,3,2.596644965
119,Lomerio,R,60,RL 3,Virola elongata (Benth.) Warb.,8565.7966,12.4886825,296.5606702,0.1816,15,3.589266575
120,Lomerio,R,60,RL 3,Virola sebifera Aubl.,11479.0794,15.31699006,353.5853398,0.1772,1,209.5192267
121,Lomerio,R,60,RL 3,Xylopia parviflora Spruce,8519.9352,17.26129521,317.0046663,0.1864,1,8.0424704
122,Lomerio,R,60,RL 4,Caryocar glabrum (Aubl.) Pers.,26876.65567,9.320873947,468.7834111,0.223,1,
123,Lomerio,R,60,RL 4,Chrysophyllum bombycinum T.D.Penn.,44414.8538,7.602200924,455.7370511,0.2884,2,
124,Lomerio,R,60,RL 4,Chrysophyllum manaosense (Aubrév.) T.D.Penn.,8916.7404,19.61670078,341.547561,0.1398,1,
125,Lomerio,R,60,RL 4,Compsoneura capitellata (A.DC.) Warb.,5831.3736,16.45037707,382.7657532,0.191,1,
126,Lomerio,R,60,RL 4,Couma macrocarpa Barb.Rodr.,41452.7858,17.88073252,283.8402277,0.238,1,
127,Lomerio,R,60,RL 4,Cupania latifolia Kunth,4214.4662,12.65275004,467.6050244,0.1606,2,
128,Lomerio,R,60,RL 4,Endlicheria directonervia C.K.Allen,17325.3734,8.830572883,447.096715,0.3074,1,
129,Lomerio,R,60,RL 4,Endlicheria sericea Nees,10646.1826,17.30500116,346.1027836,0.2584,2,
130,Lomerio,R,60,RL 4,Eschweilera coriacea (DC.) S.A.Mori,13559.043,12.46179253,441.3294834,0.2332,1,
131,Lomerio,R,60,RL 4,Guatteria guianensis (Aubl.) R.E.Fr.,70553.6244,6.799445186,333.3399068,0.34,1,
132,Lomerio,R,60,RL 4,Gustavia hexapetala (Aubl.) Sm.,9936.289,11.27630971,349.8129219,0.2506,1,
133,Lomerio,R,60,RL 4,Heisteria acuminata (Humb. & Bonpl.) Engl.,3154.298,20.18688104,262.3531033,0.2438,2,
134,Lomerio,R,60,RL 4,Hevea benthamiana Müll.Arg.,12323.03233,36.14814188,176.110173,0.163333333,2,
135,Lomerio,R,60,RL 4,Inga capitata Desv.,8576.5548,13.68677902,337.9588657,0.2122,1,
136,Lomerio,R,60,RL 4,Iryanthera juruensis Warb.,4418.5454,9.102196394,475.0139659,0.2774,1,
137,Lomerio,R,60,RL 4,Iryanthera laevis Markgr.,5826.663,13.00977293,428.4930917,0.2202,1,
138,Lomerio,R,60,RL 4,Leonia glycycarpa Ruiz & Pav.,9555.486,14.59405639,358.7734554,0.2222,2,
139,Lomerio,R,60,RL 4,Licania heteromorpha Benth.,7683.881,11.88387222,404.4273289,0.2376,1,
140,Lomerio,R,60,RL 4,Licania micrantha Miq.,16882.6504,9.025256353,433.7316033,0.3754,1,
141,Lomerio,R,60,RL 4,Miconia trinervia (Sw.) D. Don ex Loudon,19508.6806,16.22397497,253.5252453,0.2412,1,
142,Lomerio,R,60,RL 4,Ocotea javitensis (Kunth) Pittier,13621.2114,11.98863417,434.8555117,0.2352,2,
143,Lomerio,R,60,RL 4,Ocotea longifolia Kunth,7107.222,8.989024156,435.3474004,0.294,3,
144,Lomerio,R,60,RL 4,Ocotea oblonga (Meisn.) Mez,2889.3982,22.24885595,340.9356725,0.1454,1,
145,Lomerio,R,60,RL 4,Ocotea puberula (Rich.) Nees,16166.0454,15.87602306,384.1351195,0.2118,2,
146,Lomerio,R,60,RL 4,Oenocarpus bataua Mart.,615059.03,4.965733553,536.4092617,0.398333333,10,
147,Lomerio,R,60,RL 4,Osteophloeum platyspermum (Spruce ex A.DC.) Warb.,4263.22,11.25486545,308.2251055,0.3378,2,
148,Lomerio,R,60,RL 4,Parkia velutina Benoist,183325.0407,22.61301275,406.1541904,0.116666667,1,
149,Lomerio,R,60,RL 4,Pourouma cecropiifolia Mart.,38323.0364,11.95670487,411.9430036,0.3122,1,
150,Lomerio,R,60,RL 4,Pouteria caimito (Ruiz & Pav.) Radlk.,4033.8936,7.03674913,544.203907,0.2468,1,
151,Lomerio,R,60,RL 4,Pouteria campanulata Baehni,2705.183,6.202018153,511.8434723,0.376,2,
152,Lomerio,R,60,RL 4,Protium subserratum (Engl.) Engl.,6537.6588,11.51653469,485.2740292,0.1878,1,
153,Lomerio,R,60,RL 4,Pseudosenefeldera inclinata (Müll.Arg.) Esser,11967.6826,15.481737,440.1291229,0.1634,2,
154,Lomerio,R,60,RL 4,Richeria grandis Vahl,11320.6442,14.34022883,243.8155755,0.3152,2,
155,Lomerio,R,60,RL 4,Rudgea viburnoides (Cham.) Benth.,14847.182,11.2596908,315.4340553,0.2814,1,
156,Lomerio,R,60,RL 4,Simaba guianensis Aubl.,14847.182,152.4889147,503.4085213,0.2512,1,
157,Lomerio,R,60,RL 4,Sloanea floribunda Spruce ex Benth.,20685.09,9.929614878,500.4988803,0.195,2,
158,Lomerio,R,60,RL 4,Symphonia globulifera L.f.,3029.1014,12.28596118,435.9683925,0.2296,3,
159,Lomerio,R,60,RL 4,Theobroma subincanum Mart.,25529.2034,11.80775275,423.4634645,0.291,4,
160,Lomerio,R,60,RL 4,Virola elongata (Benth.) Warb.,10344.2926,13.7492245,340.1048231,0.1998,14,
161,Lomerio,R,60,RL 4,Vochysia grandis Mart.,3634.7248,10.52246851,351.1798417,0.2752,1,
162,Lomerio,R,60,RL 4,Xylopia amazonica R.E.Fr.,2412.683,12.42798013,443.3760684,0.2024,1,
163,Montaña,0 - 10,6,DM 11,Bellucia grossularioides (L.) Triana,15266.6544,5.567252916,468.5892228,0.3456,39,
164,Montaña,0 - 10,6,DM 11,Eugenia chrysophyllum Poir.,2813.2067,10.58025676,361.0071252,0.3083,4,
165,Montaña,0 - 10,6,DM 11,Henriettella fascicularis (Sw.) C. Wright,52138.4966,10.58994293,359.3746778,0.2908,3,
166,Montaña,0 - 10,6,DM 11,Matayba inelegans Radlk.,16674.516,37.03919561,1608.129236,0.736333333,1,
167,Montaña,0 - 10,6,DM 11,Myrcia splendens (Sw.) DC.,2088936.6,8226.800447,805.8781048,0.2505,5,
168,Montaña,0 - 10,6,DM 11,Ormosia nobilis Tul.,52062348.67,72035.13948,3042.375137,1.560833333,2,
169,Montaña,0 - 10,6,DM 11,Vochysia grandis Mart.,3462185.4,8678.461189,444.9268103,0.2522,1,
170,Montaña,0 - 10,7,DM 15,Albizia pedicellaris (Dc.) L.Rico,14216.96133,50.428829,269.6192696,0.082333333,16,
171,Montaña,0 - 10,7,DM 15,Guatteria boliviana H.J.P.Winkl.,3321.757,10.61103773,456.8620439,0.2828,2,
172,Montaña,0 - 10,7,DM 15,Miconia poeppigii Triana,6380.7623,10.34166527,500.4864285,0.2398,2,
173,Montaña,0 - 10,7,DM 15,Miconia splendens (Sw.) Griseb.,10545.9848,13.35212996,392.902718,0.1872,1,
174,Montaña,0 - 10,7,DM 15,Tapirira guianensis Aubl.,16462.7548,12.44488153,413.6345582,0.1806,1,
175,Montaña,0 - 10,7,DM 15,Trymatococcus amazonicus Poepp. & Endl.,5257.5614,18.12563939,398.1683395,0.1706,1,
176,Montaña,0 - 10,7,DM 15,Virola elongata (Benth.) Warb.,9738.6548,14.73473883,332.8127502,0.2124,2,
177,Montaña,20-Oct,18,DM 16,Albizia pedicellaris (Dc.) L.Rico,6275.612333,13.29920064,261.1023897,0.095,4,
178,Montaña,20-Oct,18,DM 16,Alchornea triplinervia (Spreng.) Müll.Arg.,5283.3686,14.76197587,354.1564886,0.2306,4,
179,Montaña,20-Oct,18,DM 16,Bellucia grossularioides (L.) Triana,9667.3664,8.726257228,390.1498638,0.246,1,
180,Montaña,20-Oct,18,DM 16,Byrsonima krukoffii W.R.Anderson,17162.9804,8.964342698,375.2744964,0.3406,3,
181,Montaña,20-Oct,18,DM 16,Casearia arborea (Rich.) Urb.,3277.0816,13.98591424,392.6099427,0.152,1,
182,Montaña,20-Oct,18,DM 16,Eugenia chrysophyllum Poir.,3295.8134,14.77113869,455.4984275,0.1586,1,
183,Montaña,20-Oct,18,DM 16,Guatteria boliviana H.J.P.Winkl.,6232.9512,19.58413411,297.8259577,0.2066,6,
184,Montaña,20-Oct,18,DM 16,Hieronyma oblonga (Tul.) Müll.Arg.,4927.1842,14.30856141,274.32781,0.2778,1,
185,Montaña,20-Oct,18,DM 16,Jacaranda copaia (Aubl.) D.Don,12331.641,25.80703309,247.5777219,0.105,2,
186,Montaña,20-Oct,18,DM 16,Lacistema nena J.F. Macbr.,7834.957,8.796501523,430.0470411,0.249,4,
187,Montaña,20-Oct,18,DM 16,Miconia minutiflora (Bonpl.) DC.,3341.0052,13.34361291,405.4646348,0.1762,11,
188,Montaña,20-Oct,18,DM 16,Miconia poeppigii Triana,10362.3262,11.00664349,397.5458621,0.1812,27,
189,Montaña,20-Oct,18,DM 16,Nectandra cuspidata Nees & Mart.,7003.2156,10.35629265,458.8581895,0.1982,4,
190,Montaña,20-Oct,18,DM 16,Ocotea guianensis Aubl.,3225.0372,6.43259539,484.9976002,0.2656,4,
191,Montaña,20-Oct,18,DM 16,Ocotea longifolia Kunth,23256.6272,10.04206775,390.2334549,0.2134,12,
192,Montaña,20-Oct,18,DM 16,Ormosia nobilis Tul.,21564.9952,13.24020568,314.1225841,0.1956,2,
193,Montaña,20-Oct,18,DM 16,Tachigali setifera (Ducke) Zarucchi & Herend.,53359.4044,7.712873029,436.4243303,0.2916,1,
194,Montaña,20-Oct,18,DM 16,Virola elongata (Benth.) Warb.,9972.8546,12.30921307,335.8906118,0.2126,4,
195,Montaña,20-Oct,18,DM 16,Virola sebifera Aubl.,6489.7052,11.75437948,333.6700226,0.2714,1,
196,Montaña,20-Oct,17,DM 2,Alsophila cuspidata (Kunze) D.S. Conant,901407.2867,187.5808937,2437.954212,2.223333333,6,
197,Montaña,20-Oct,17,DM 2,Cecropia sciadophylla Mart.,302617.934,11.58971381,282.8207505,0.334,15,
198,Montaña,20-Oct,17,DM 2,Croton lechleri Müll.Arg.,19527389.4,35711.19613,248.1130342,0.1344,4,
199,Montaña,20-Oct,17,DM 2,Erythrina rubrinervia Kunth,87264862.67,84963.71394,652.4289279,0.598666667,1,
200,Montaña,20-Oct,17,DM 2,Ficus insipida Willd.,6975069.8,11026.05953,344.8538199,0.3416,2,
201,Montaña,20-Oct,17,DM 2,Ficus macbridei Standl.,15767671.4,8607.25394,347.3652762,0.3144,2,
202,Montaña,20-Oct,17,DM 2,Henriettella fascicularis (Sw.) C. Wright,10122900.8,28596.32165,203.3013611,0.1884,1,
203,Montaña,20-Oct,17,DM 2,Inga nobilis Willd.,16825773.67,118362.7175,4980.536227,1.763,2,
204,Montaña,20-Oct,17,DM 2,Inga sapindoides Willd.,27468466,181383.5199,2118.028645,1.683666667,7,
205,Montaña,20-Oct,17,DM 2,Inga thibaudiana DC.,6409767.667,10563.68827,361.6964966,0.345,3,
206,Montaña,20-Oct,17,DM 2,Jacaratia spinosa (Aubl.) A.DC.,48897504,143608.7452,1016.697859,1.012,1,
207,Montaña,20-Oct,17,DM 2,Lacmellea gracilis (Müll.Arg.) Markgr.,14430546,131882.3273,1075.558604,1.034666667,3,
208,Montaña,20-Oct,17,DM 2,Ochroma pyramidale (Cav. ex Lam.) Urb.pyramidale,19763054.61,6728.882007,252.8167051,0.3772,11,
209,Montaña,20-Oct,17,DM 2,Piptocoma discolor (Kunth) Pruski,8177216.2,28636.26087,222.2368261,0.1934,3,
210,Montaña,20-Oct,17,DM 2,Tetrathylacium macrophyllum Poepp.,18379654,11052.77182,343.9803182,0.3018,5,
211,Montaña,20 - 40,35,DM 13,Annona edulis (Triana & Planch.) H. Rainer,9809.4674,21.26647183,273.9845136,0.1512,1,
212,Montaña,20 - 40,35,DM 13,Annona mucosa Jacq.,9744.9168,29.59644256,252.5158003,1.308,5,
213,Montaña,20 - 40,35,DM 13,Apeiba membranacea Spruce ex Benth.,11437.9864,20.42683012,289.7495947,0.17,1,
214,Montaña,20 - 40,35,DM 13,Capirona decorticans Spruce,134802.922,14.73653501,207.6724266,0.2738,2,
215,Montaña,20 - 40,35,DM 13,Casearia arborea (Rich.) Urb.,6009.5314,21.01359841,331.4828197,0.1284,6,
216,Montaña,20 - 40,35,DM 13,Casearia ulmifolia Vahl ex Vent.,7869.2956,18.64011284,404.0153519,0.1446,1,
217,Montaña,20 - 40,35,DM 13,Croton matourensis Aubl.,6740.7324,11.87805915,345.0557498,0.2408,4,
218,Montaña,20 - 40,35,DM 13,Ficus insipida Willd.,31797.6426,12.01304906,280.5546704,0.2776,1,
219,Montaña,20 - 40,35,DM 13,Gloeospermum sphaerocarpum Triana & Planch.,6386.9402,24.36270078,236.684629,0.1586,4,
220,Montaña,20 - 40,35,DM 13,Hevea guianensis Aubl.,30519.63533,23.08380656,339.681011,0.140333333,1,
221,Montaña,20 - 40,35,DM 13,Hieronyma oblonga (Tul.) Müll.Arg.,6043.8186,18.93130659,225.3651549,0.2434,23,
222,Montaña,20 - 40,35,DM 13,Inga thibaudiana DC.,44572.82033,15.99165724,344.567104,0.224333333,1,
223,Montaña,20 - 40,35,DM 13,Iriartea deltoidea Ruiz & Pav.,2161663.819,9.07853259,336.2268327,0.325666667,1,
224,Montaña,20 - 40,35,DM 13,Marila laxiflora Rusby,32370.0764,33.08017093,337.7573483,0.144,1,
225,Montaña,20 - 40,35,DM 13,Miconia aurea (D. Don) Naudin,7819.7852,27.17165156,204.3101038,0.2322,3,
226,Montaña,20 - 40,35,DM 13,Pourouma bicolor Mart.,14202.7104,18.51445385,331.9970604,0.1256,1,
227,Montaña,20 - 40,35,DM 13,Pourouma minor Benoist,9469.2392,11.99383519,366.0133886,0.2064,3,
228,Montaña,20 - 40,35,DM 13,Protium apiculatum Swart,18613.329,20.24339046,370.7305245,0.1216,1,
229,Montaña,20 - 40,35,DM 13,Protium grandifolium Engl.,8038.1838,12.05911694,454.738568,0.176,2,
230,Montaña,20 - 40,35,DM 13,Protium sagotianum Marchand,5320.1854,14.72008972,411.2537027,0.159,1,
231,Montaña,20 - 40,35,DM 13,Protium subserratum (Engl.) Engl.,7230.4614,17.81567431,383.3967952,0.1446,3,
232,Montaña,20 - 40,35,DM 13,Rinorea lindeniana (Tul.) Kuntze,8490.8622,18.50498337,326.6287796,0.1694,1,
233,Montaña,20 - 40,35,DM 13,Siparuna decipiens (Tul.) A.DC.,648.3542,0.956879122,241.8885023,0.2754,1,
234,Montaña,20 - 40,35,DM 13,Virola duckei A.C.Sm.,26848.0412,9.27857411,366.260721,0.256,1,
235,Montaña,20 - 40,35,DM 13,Virola elongata (Benth.) Warb.,11885.0794,17.49251414,279.3348121,0.1832,4,
236,Montaña,20 - 40,35,DM 13,Xylopia nitida Dunal,3291.6156,16.83530938,421.6439124,0.127,1,
237,Montaña,20 - 40,30,DM 14,Ampelocera edentula Kuhlm.,13714.7308,10.39884985,400.174633,0.21,1,
238,Montaña,20 - 40,30,DM 14,Aniba panurensis (Meisn.) Mez,6035.7156,11.37644278,439.0580489,0.2614,1,
239,Montaña,20 - 40,30,DM 14,Annona duckei Diels,17381.64,19.04453115,321.8043128,0.1774,1,
240,Montaña,20 - 40,30,DM 14,Bellucia grossularioides (L.) Triana,8515.3062,6.417137284,423.28112,0.303,2,
241,Montaña,20 - 40,30,DM 14,"Bellucia strigosa (Gleason) Penneys, F.A. Michelangeli, Judd & Almeda",16260.104,15.09802687,274.2446332,0.3804,1,
242,Montaña,20 - 40,30,DM 14,Brosimum acutifolium Huber,3530.007,10.93981848,417.9618481,0.221,2,
243,Montaña,20 - 40,30,DM 14,Brosimum utile (Kunth) Oken,16677.8288,8.645252934,386.8301716,0.2922,1,
244,Montaña,20 - 40,30,DM 14,Casearia arborea (Rich.) Urb.,4174.8364,13.45449219,419.0589157,0.1712,1,
245,Montaña,20 - 40,30,DM 14,Casearia javitensis Kunth,6901.2094,11.53955901,471.8070098,0.181,2,
246,Montaña,20 - 40,30,DM 14,Clarisia racemosa Ruiz & Pav.,7818.8658,10.57486717,444.6879939,0.2426,1,
247,Montaña,20 - 40,30,DM 14,Couma macrocarpa Barb.Rodr.,38927.26667,18.09759859,337.8607512,0.232666667,1,
248,Montaña,20 - 40,30,DM 14,Coussapoa orthoneura Standl.,8376.634,8.729937488,376.619208,0.2732,1,
249,Montaña,20 - 40,30,DM 14,Dialium guianense (Aubl.) Sandwith,11930.413,145.7119129,1377.852699,0.960666667,1,
250,Montaña,20 - 40,30,DM 14,Dolichodelphys chlorocrater K.Schum. & K.Krause,29756.06,17.36183091,298.516753,0.1952,1,
251,Montaña,20 - 40,30,DM 14,Endlicheria bracteata Mez,82284.93333,10.78176187,349.1011818,0.321333333,1,
252,Montaña,20 - 40,30,DM 14,Endlicheria robusta (A.C.Sm.) Kosterm.,13146.9944,11.7131516,370.6474085,0.2556,2,
253,Montaña,20 - 40,30,DM 14,Eschweilera coriacea (DC.) S.A.Mori,6167.099,9.053667971,431.9567305,0.26,2,
254,Montaña,20 - 40,30,DM 14,Eschweilera rufifolia S.A.Mori,15685.7852,11.06250727,388.5395938,0.2436,3,
255,Montaña,20 - 40,30,DM 14,Guatteria boliviana H.J.P.Winkl.,22115.60433,118.6369618,2749.69349,1.031333333,5,
256,Montaña,20 - 40,30,DM 14,Guatteria cargadero Triana & Planch.,9603.96,8.90161619,474.5635365,0.2286,1,
257,Montaña,20 - 40,30,DM 14,Guatteria foliosa Benth.,4510.5978,15.49385901,414.8149945,0.1816,6,
258,Montaña,20 - 40,30,DM 14,Gustavia hexapetala (Aubl.) Sm.,10196.6308,10.7076691,339.9947668,0.1968,1,
259,Montaña,20 - 40,30,DM 14,Hevea guianensis Aubl.,24933.46033,58.99402567,1164.756937,0.486666667,2,
260,Montaña,20 - 40,30,DM 14,Hieronyma oblonga (Tul.) Müll.Arg.,5143.229,19.63648514,247.5267453,0.2282,2,
261,Montaña,20 - 40,30,DM 14,Hymenaea oblongifolia Huber,66282.169,75.33193273,1533.359198,0.592333333,1,
262,Montaña,20 - 40,30,DM 14,Inga auristellae Harms,7153.166667,15.62679912,410.9677762,0.203,1,
263,Montaña,20 - 40,30,DM 14,Inga capitata Desv.,49622.05233,55.83752998,2677.523773,1.598333333,4,
264,Montaña,20 - 40,30,DM 14,Lacunaria jenmanii (Oliv.) Ducke,12677.8468,11.11665763,426.9164679,0.2278,2,
265,Montaña,20 - 40,30,DM 14,Laetia procera (Poepp.) Eichler,9179.4,14.51398825,366.8898688,0.1654,1,
266,Montaña,20 - 40,30,DM 14,Lindackeria paludosa (Benth.) Gilg,17402.1786,18.72959939,332.0679002,0.1714,6,
267,Montaña,20 - 40,30,DM 14,Maquira coriacea (H.Karst.) C.C.Berg,4667.68,9.075146953,470.2909817,0.243,1,
268,Montaña,20 - 40,30,DM 14,Marila laxiflora Rusby,47637.01733,106.9083938,2723.504505,1.115,3,
269,Montaña,20 - 40,30,DM 14,Matayba inelegans Radlk.,21361.27467,68.22308135,1451.235671,0.712333333,2,
270,Montaña,20 - 40,30,DM 14,Meliosma tachirensis Steyerm. & A.H.Gentry,3803.94,16.83286321,365.7079807,0.1604,1,
271,Montaña,20 - 40,30,DM 14,Osteophloeum platyspermum (Spruce ex A.DC.) Warb.,2203137.057,5273.083779,3570.516412,3.544666667,5,
272,Montaña,20 - 40,30,DM 14,Perebea mollis (Poepp. & Endl.) Huber,37732.3646,14.11681616,340.976166,0.2882,2,
273,Montaña,20 - 40,30,DM 14,Protium amazonicum (Cuatrec.) Daly,427403.3587,362.311167,4572.43319,3.073333333,3,
274,Montaña,20 - 40,30,DM 14,Protium subserratum (Engl.) Engl.,21849.5406,5.173278877,472.8690085,0.3334,9,
275,Montaña,20 - 40,30,DM 14,Pseudolmedia macrophylla Trécul,17342.0258,15.8736112,375.7598879,0.1868,1,
276,Montaña,20 - 40,30,DM 14,Schizocalyx bracteosus Wedd.,96801.3216,572.9700403,152.5767967,0.2844,2,
277,Montaña,20 - 40,30,DM 14,Tapirira guianensis Aubl.,30294.76667,8.155777324,378.4098274,0.255,2,
278,Montaña,20 - 40,30,DM 14,Tapirira retusa Ducke,21310.83333,13.33404715,354.3259843,0.205666667,1,
279,Montaña,20 - 40,30,DM 14,Trattinnickia peruviana Loes.,21802.33233,313.5153297,3111.277711,1.903666667,1,
280,Montaña,20 - 40,30,DM 14,Virola calophylla (Spruce) Warb.,29609.2856,12.29992798,324.6348815,0.2384,1,
281,Montaña,20 - 40,30,DM 14,Virola elongata (Benth.) Warb.,35568.9376,13.95356609,256.5866483,0.2308,5,
282,Montaña,20 - 40,30,DM 14,Virola pavonis (A.DC.) A.C.Sm.,32260.21733,103.0768854,2900.083986,1.672666667,4,
283,Montaña,20 - 40,30,DM 14,Virola sebifera Aubl.,8460.9918,12.26927628,317.8813063,0.2494,5,
284,Montaña,20 - 40,30,DM 14,Wittmackanthus stanleyanus (M.R.Schomb.) Kuntze,8658.6302,34.04696961,197.1177319,0.1792,1,
285,Montaña,R,60,RM11,Andira macrothyrsa Ducke,7826.684,8.455097881,400.8889517,0.342,1,
286,Montaña,R,60,RM11,Calliandra surinamensis Benth.,2062.129,22.1292725,406.4659978,0.125,6,
287,Montaña,R,60,RM11,Cedrela odorata L.,45390.552,12.1295456,408.6499213,0.181333333,1,
288,Montaña,R,60,RM11,Cedrelinga cateniformis (Ducke) Ducke,16567.50533,14.98785173,303.0580796,0.106,3,
289,Montaña,R,60,RM11,Chrysophyllum bombycinum T.D.Penn.,6405.2898,8.341577651,411.3413827,0.2582,4,
290,Montaña,R,60,RM11,Citronella incarum (J.F. Macbr.) R.A. Howard,28848.8882,7.738008724,341.6710964,0.351,1,
291,Montaña,R,60,RM11,Couma macrocarpa Barb.Rodr.,74428.05567,22.63295373,320.6040033,0.303333333,3,
292,Montaña,R,60,RM11,Croton amazonicus Müll.Arg.,7804.155,13.0435224,398.5383873,0.2266,3,
293,Montaña,R,60,RM11,Dacryodes granatensis Cuatrec.,180845.7193,16.56055956,334.7803869,0.038333333,1,
294,Montaña,R,60,RM11,Dendrobangia boliviana Rusby,6308.918,18.77128653,276.1801384,0.2224,1,
295,Montaña,R,60,RM11,Guarea silvatica C.DC.,55709.874,20.08836573,292.5473148,0.167666667,4,
296,Montaña,R,60,RM11,Guarea trunciflora C.DC.,12354.7138,10.37917213,341.8177049,0.1634,2,
297,Montaña,R,60,RM11,Hymenaea oblongifolia Huber,19137.58,19.02891041,241.2783447,0.261666667,1,
298,Montaña,R,60,RM11,Inga umbellifera (Vahl) DC.,27857.948,8.489527095,484.4170624,0.255,1,
299,Montaña,R,60,RM11,Licania harlingii Prance,6292.8342,26.45760275,479.2081213,0.1616,1,
300,Montaña,R,60,RM11,Licania heteromorpha Benth.,7086.6606,11.4558466,423.0557565,0.2596,1,
301,Montaña,R,60,RM11,Matayba inelegans Radlk.,23739.369,14.45806212,392.6039219,0.067333333,5,
302,Montaña,R,60,RM11,Neea divaricata Poepp. & Endl.,3721.8016,21.14216411,281.6234773,0.2038,1,
303,Montaña,R,60,RM11,Ocotea pauciflora (Nees) Mez,2648.1358,25.13873443,239.0094109,0.2148,1,
304,Montaña,R,60,RM11,Ocotea quixos (Lam.) Kosterm.,12081.773,10.9911554,391.4207711,0.1952,12,
305,Montaña,R,60,RM11,Oenocarpus bataua Mart.,3324724.305,18.5268763,870.9060009,0.417333333,5,
306,Montaña,R,60,RM11,Osteophloeum platyspermum (Spruce ex A.DC.) Warb.,8227.5226,6.666256298,456.9142641,0.3622,2,
307,Montaña,R,60,RM11,Parkia nitida Miq.,10625.12467,15.77366007,296.4097651,0.102333333,3,
308,Montaña,R,60,RM11,Protium amazonicum (Cuatrec.) Daly,191980.2733,11.58886667,438.1779782,0.200333333,1,
309,Montaña,R,60,RM11,Protium subserratum (Engl.) Engl.,39997.79333,14.40024086,408.1646202,0.0552,1,
310,Montaña,R,60,RM11,Pseudosenefeldera inclinata (Müll.Arg.) Esser,25981.1428,13.67048128,373.9613087,0.1668,22,
311,Montaña,R,60,RM11,Qualea acuminata Spruce ex Warm.,6085.5074,7.539819768,428.6098157,0.2616,9,
312,Montaña,R,60,RM11,Sloanea pubescens Benth.,24432.2126,11.19375332,386.5253893,0.2384,1,
313,Montaña,R,60,RM11,Styrax macrophyllus Schott ex Pohl,9036.5694,8.766278955,318.8039087,0.2074,1,
314,Montaña,R,60,RM11,Talisia nervosa Radlk.,10202.3794,6.232778764,504.7962476,0.0624,1,
315,Montaña,R,60,RM11,Theobroma subincanum Mart.,18372.864,13.5200331,320.8721815,0.1244,2,
316,Montaña,R,60,RM11,Trymatococcus amazonicus Poepp. & Endl.,4708.6298,17.61706171,368.7866461,0.1936,1,
317,Montaña,R,60,RM11,Virola calophylla (Spruce) Warb.,26908.6014,7.408066781,383.8764023,0.1688,1,
318,Montaña,R,60,RM11,Virola pavonis (A.DC.) A.C.Sm.,12301.402,11.17855392,334.7676492,0.2146,8,
319,Montaña,R,60,RM11,Virola sebifera Aubl.,19183.66,7.865387828,359.9654091,0.2876,1,
320,Montaña,R,60,RM11,Vochysia grandis Mart.,13974.8294,11.38256551,448.2536108,0.2356,2,
321,Montaña,R,60,RM11,Xylopia amazonica R.E.Fr.,1060.1352,13.21827797,434.9184149,0.187,1,
322,Montaña,R,60,RM11,Zygia basijuga (Ducke) Barneby & J.W. Grimes,17238.417,18.80622599,408.9524213,0.158,2,
323,Montaña,R,60,RM9,Brosimum lactescens (S.Moore) C.C.Berg,10802.3602,11.77665624,441.7680692,0.174,2,
324,Montaña,R,60,RM9,Casearia commersoniana Cambess.,4732.3094,25.18411244,313.4824078,0.1318,2,
325,Montaña,R,60,RM9,Cedrelinga cateniformis (Ducke) Ducke,4631.2618,16.11050913,266.6173861,0.2188,2,
326,Montaña,R,60,RM9,Chrysophyllum bombycinum T.D.Penn.,6921.018,17.70653025,390.0214571,0.1086,3,
327,Montaña,R,60,RM9,Chrysophyllum prieurii A.DC.,32587.0428,11.39134267,385.9941492,0.2062,1,
328,Montaña,R,60,RM9,Clarisia racemosa Ruiz & Pav.,3424.332,9.662954394,433.4728211,0.227,1,
329,Montaña,R,60,RM9,Compsoneura capitellata (A.DC.) Warb.,4725.937,18.9898438,316.5293622,0.1826,10,
330,Montaña,R,60,RM9,Compsoneura sprucei (A.DC.) Warb.,9163.686,19.5060925,303.308099,0.1594,1,
331,Montaña,R,60,RM9,Conceveiba terminalis (Baill.) Müll.Arg.,11533.9898,15.69822411,326.2833918,0.1708,3,
332,Montaña,R,60,RM9,Couma macrocarpa Barb.Rodr.,28230.5776,20.51738015,250.7657795,0.2106,2,
333,Montaña,R,60,RM9,Crepidospermum goudotianum (Tul.) Triana & Planch.,83322.574,18.11875983,369.1041966,0.124,1,
334,Montaña,R,60,RM9,Crepidospermum rhoifolium (Benth.) Triana & Planch.,26036.7102,7.928374665,337.7061243,0.4132,3,
335,Montaña,R,60,RM9,Dialium guianense (Aubl.) Sandwith,2510.7828,19.88388674,283.2694537,0.1822,1,
336,Montaña,R,60,RM9,Endlicheria robusta (A.C.Sm.) Kosterm.,12884.2482,13.30091713,408.6095393,0.1648,5,
337,Montaña,R,60,RM9,Eschweilera laevicarpa S.A.Mori,11092.1504,15.14965127,348.5070542,0.2008,3,
338,Montaña,R,60,RM9,Guarea grandifolia DC.,6513.2042,11.10430683,372.7693655,0.2518,2,
339,Montaña,R,60,RM9,Guatteria foliosa Benth.,4404.2952,14.50944336,377.7661064,0.1854,1,
340,Montaña,R,60,RM9,Guatteria guianensis (Aubl.) R.E.Fr.,27175.177,10.6884693,381.4430838,0.1576,5,
341,Montaña,R,60,RM9,Gustavia hexapetala (Aubl.) Sm.,10262.0736,12.11403068,346.4447505,0.2262,1,
342,Montaña,R,60,RM9,Iryanthera crassifolia A.C. Sm.,11876.9264,26.30477711,344.3961597,0.1956,2,
343,Montaña,R,60,RM9,Iryanthera juruensis Warb.,5797.0164,7.715037817,315.57381,0.219,7,
344,Montaña,R,60,RM9,Licania canescens Benoist,9732.0386,13.78847343,395.790732,0.1544,2,
345,Montaña,R,60,RM9,Matayba inelegans Radlk.,3604.6518,16.51348593,356.5245029,0.1428,2,
346,Montaña,R,60,RM9,Miconia punctata (Desr.) D. Don ex DC.,16003.1888,14.70062306,323.9411539,0.2686,4,
347,Montaña,R,60,RM9,Minquartia guianensis Aubl.,12984.4698,19.22452343,406.7715167,0.1644,1,
348,Montaña,R,60,RM9,Naucleopsis caloneura (Huber) Ducke,9713.8746,18.78459728,448.0261944,0.1852,4,
349,Montaña,R,60,RM9,Ocotea javitensis (Kunth) Pittier,4299.8108,5.798632786,396.0729747,0.181,2,
350,Montaña,R,60,RM9,Osteophloeum platyspermum (Spruce ex A.DC.) Warb.,108145.1552,375.6412719,267.9151627,0.2264,4,
351,Montaña,R,60,RM9,Parkia velutina Benoist,10981.52267,0.96110067,398.4251076,0.197,3,
352,Montaña,R,60,RM9,Protium subserratum (Engl.) Engl.,18349.447,23.04473098,342.4415253,0.225,4,
353,Montaña,R,60,RM9,Pseudolmedia laevis (Ruiz & Pav.) J.F.Macbr.,6051.251,14.77418428,384.1052154,0.3518,1,
354,Montaña,R,60,RM9,Pseudolmedia macrophylla Trécul,29131.91574,7.385806512,440.0146577,0.2196,4,
355,Montaña,R,60,RM9,Pseudosenefeldera inclinata (Müll.Arg.) Esser,3440.869,2.756741963,396.1349188,0.1704,34,
356,Montaña,R,60,RM9,Qualea acuminata Spruce ex Warm.,5541.1018,7.612047283,439.6619274,0.2486,10,
357,Montaña,R,60,RM9,Rhodostemonodaphne kunthiana (Nees) Rohwer,9859.8934,13.75242976,415.5328059,0.1558,1,
358,Montaña,R,60,RM9,Sloanea macrophylla Benth. ex Turcz.,32781.9034,15.5612684,421.0799327,0.153,5,
359,Montaña,R,60,RM9,Swartzia oraria Cowan,10863.52367,20.57083692,434.9332101,0.146666667,4,
360,Montaña,R,60,RM9,Symphonia globulifera L.f.,3157.3894,12.69645893,441.2572863,0.2152,1,
361,Montaña,R,60,RM9,Tachigali formicarum Harms,67034.296,25.5831498,371.1195827,0.104,3,
362,Montaña,R,60,RM9,Tapirira guianensis Aubl.,14837.9654,16.30615241,369.0336962,0.1472,1,
363,Montaña,R,60,RM9,Tapirira obtusa (Benth.) J.D.Mitch.,4546.3112,8.810711834,464.314742,0.2402,1,
364,Montaña,R,60,RM9,Tetragastris panamensis (Engl.) Kuntze,25706.708,13.11267,427.3838143,0.160333333,1,
365,Montaña,R,60,RM9,Theobroma subincanum Mart.,33151.0882,13.73663879,375.0780187,0.242,6,
366,Montaña,R,60,RM9,Virola elongata (Benth.) Warb.,59174.933,13.86216007,319.1421876,0.164,31,
367,Montaña,R,60,RM9,Virola pavonis (A.DC.) A.C.Sm.,3903.54554,9.150974451,348.2397629,0.2084,4,
368,Montaña,R,60,RM9,Virola sebifera Aubl.,65048.388,18.82859023,238.852487,0.3938,6,